Rebeka,Muller,jeffery@emard.net,480.371.6687,2016-11-18 10:45:22 -0600
Kathryn,Casper,garland_oconner@bernier.info,806-441-9794,2016-11-17 12:25:50 -0600
Jacynthe,Funk,anika_considine@kaulkeaufderhar.io,760.614.3390 x77066,2016-11-17 16:42:34 -0600
Brando,Dach,cleo.goodwin@lakinstracke.org,204.316.6374 x640,2016-11-17 04:19:47 -0600
Izaiah,Luettgen,william@bechtelarhartmann.name,775.347.4487 x00034,2016-11-18 17:45:02 -0600
Devante,Rogahn,ansley@kunde.io,714.139.9334 x70009,2016-11-17 08:07:34 -0600
Darion,Herzog,cheyanne.smith@keebler.io,1-202-970-9755 x9258,2016-11-17 10:23:42 -0600
Felicity,Senger,alberto.purdy@ernserschowalter.com,(210) 460-4353,2016-11-18 18:26:49 -0600
Roosevelt,Streich,keaton@quigleyrau.name,(877) 703-3025,2016-11-17 21:38:05 -0600
Tatyana,Carroll,isaias@rippin.org,(230) 675-7461,2016-11-18 19:21:06 -0600
Marcelle,Robel,cristal_rohan@stiedemannbashirian.io,(839) 899-4624 x696,2016-11-18 02:11:57 -0600
Jettie,Fritsch,jedediah.ledner@kaulkeflatley.io,240-746-7012 x5931,2016-11-18 16:06:21 -0600
Dewayne,McCullough,frankie_bauch@bergnaum.biz,316.828.3024 x265,2016-11-18 03:48:23 -0600
Arvid,Kassulke,broderick.bauch@langlindgren.net,825.233.7731 x2686,2016-11-17 22:25:08 -0600
Kolby,Wiegand,jabari@millsgorczany.net,699-483-8476 x2075,2016-11-18 07:58:51 -0600
Lilyan,Torphy,henderson.wintheiser@greenholternser.org,(919) 320-4925 x9607,2016-11-18 01:35:05 -0600
Skylar,Barton,fredrick.lynch@smithamzemlak.io,175.228.7104,2016-11-18 12:39:48 -0600
Hank,Mosciski,garrett@legros.io,220.606.3736 x29281,2016-11-18 17:48:45 -0600
Alexane,Cartwright,rubye_sanford@lowe.org,1-195-182-7212,2016-11-18 11:37:49 -0600
Shanon,Eichmann,dalton@littlemayer.info,498.224.0676 x038,2016-11-18 19:26:00 -0600
