Imogene,Smith,clandestino@,256.988.7747 x46533,2016-11-21 07:26:20 -0600
Carlotta,Wisozk,rod@robertsblanda.net,1-649-913-3936,2016-11-22 15:10:06 -0600
Macy,Grant,shaina@kingchamplin.name,557-348-5738 x9882,2016-11-21 09:40:15 -0600
Fred,Gerhold,darron.turcotte@harvey.net,290.966.8237,2016-11-21 23:55:57 -0600
Hillary,Wuckert,wilfredo@mueller.co,684.427.8567,2016-11-21 13:06:24 -0600
Otilia,Little,conner@treutel.io,1-896-745-1449 x2677,2016-11-22 01:42:07 -0600
Gina,Cole,winnifred_stokes@watsica.net,803.388.1772 x595,2016-11-22 21:52:57 -0600
Bailee,Schamberger,torrance@prohaskabeatty.co,485.494.5764 x4732,2016-11-22 07:13:26 -0600
Rigoberto,Kuhn,jaunita@hahn.io,1-631-966-1900,2016-11-21 17:00:42 -0600
Lysanne,Watsica,brent@tremblay.name,(723) 225-7336 x34317,2016-11-21 23:03:29 -0600
Dock,Cremin,carmela@sipes.biz,310-172-6603 x8373,2016-11-21 21:25:23 -0600
Sterling,Ziemann,horace@kihnlabadie.name,(860) 590-5318 x660,2016-11-21 09:22:59 -0600
Kiley,Schinner,alexanne@harber.co,887-238-8046 x9348,2016-11-22 16:14:25 -0600
Eliane,Murazik,ambrose.pfeffer@lesch.com,(293) 376-8081 x26303,2016-11-22 11:10:38 -0600
Esther,Welch,giovanna@bosco.io,1-356-602-1910 x3493,2016-11-22 06:39:03 -0600
Ari,Kozey,flo@schuppe.io,(137) 476-0195,2016-11-22 08:24:56 -0600
Keyon,Hackett,delia@hackettrippin.co,603.295.3217 x42865,2016-11-21 18:53:37 -0600
Desmond,Gaylord,kelton.ward@jerdeschimmel.com,297-982-7932,2016-11-22 06:02:17 -0600
Stone,Lehner,leda@heller.info,(823) 265-1173 x96330,2016-11-21 12:24:12 -0600
Serena,Reinger,verla@armstrong.org,386.234.3033,2016-11-22 07:33:00 -0600
