Carlee,Bosco,laverna@ziemecarter.io,1-410-444-7844,2016-11-21 16:55:02 -0600
Tomasa,Quigley,nona_kerluke@skileslakin.org,(128) 060-6492,2016-11-21 22:04:10 -0600
Gunnar,Balistreri,olga_bergnaum@ruecker.io,447.630.4100,2016-11-22 22:42:01 -0600
Braxton,Conn,mertie@kohler.net,920-467-6303 x91255,2016-11-22 15:00:36 -0600
Ignatius,O'Keefe,kaley_gutkowski@colebrakus.com,(118) 866-2533 x416,2016-11-21 10:31:44 -0600
Alexandre,Lesch,al_pouros@handbeahan.net,986-985-9933,2016-11-21 10:39:14 -0600
Myrtice,Legros,elta_cruickshank@marks.com,420-895-1676,2016-11-21 12:22:24 -0600
Santiago,Ledner,miller_larkin@langosh.net,1-394-546-0173,2016-11-21 18:33:16 -0600
Harold,Weimann,kayla.huels@kerlukegoyette.io,531-697-3349 x6208,2016-11-22 02:44:39 -0600
Aryanna,Barton,ruth@bednar.net,1-674-563-3332 x679,2016-11-22 18:59:01 -0600
Nick,Streich,kitty@robertsrempel.co,1-430-395-0104 x0470,2016-11-21 22:51:57 -0600
Myron,Kreiger,chance@ryan.name,489.239.1115,2016-11-21 23:39:15 -0600
Ena,Senger,ora@mclaughlinbuckridge.co,171-169-2200 x05596,2016-11-22 04:00:22 -0600
Fiona,Kulas,orie@mayert.org,875-609-2307 x73789,2016-11-21 13:49:07 -0600
Veda,Nitzsche,sterling@oconner.io,502.914.1970 x3180,2016-11-21 23:12:20 -0600
Kareem,Waelchi,nayeli.hand@schneiderfunk.org,922-130-9321 x62908,2016-11-21 04:17:39 -0600
Faye,Harber,rosalee@wehner.org,519-654-6313 x71303,2016-11-21 18:06:17 -0600
Kelsi,Orn,travis_altenwerth@denesik.biz,362-643-8827 x6432,2016-11-22 05:44:13 -0600
Ross,Boyle,herbert@dickinsonsawayn.org,(290) 101-1168,2016-11-21 14:49:56 -0600
Elise,Wehner,ariel_weber@kuhlman.info,1-329-587-5834 x395,2016-11-21 18:30:07 -0600
Ozzie,Bartell,madalyn_lynch@murphy.biz,(134) 948-9629 x22411,2016-11-22 11:56:39 -0600
Emerald,Hyatt,vance_torphy@raynor.co,968-045-1298 x94938,2016-11-21 04:12:59 -0600
Talia,Cronin,myrtie@kiehn.info,990-873-2297,2016-11-22 07:31:59 -0600
Ena,Friesen,tito@sanfordheaney.biz,591.229.6654,2016-11-21 04:23:59 -0600
Wilfredo,Marvin,rodger_cain@murraycronin.com,860.900.4997 x058,2016-11-21 12:52:33 -0600
Willa,Turcotte,romaine_langworth@reilly.io,211-800-7158 x6823,2016-11-21 17:47:39 -0600
Elmo,Emard,jenifer.shanahan@west.io,(362) 874-2370,2016-11-22 08:33:19 -0600
Vernie,Koelpin,lucinda@kohler.net,382.064.7255,2016-11-22 08:34:34 -0600
Julien,Skiles,nicolette_gutmann@yostcronin.biz,526-556-6578 x729,2016-11-22 05:36:28 -0600
Deshawn,Leannon,angelita_sanford@jenkinsdaniel.org,1-617-942-8317 x47514,2016-11-22 20:45:19 -0600
Pearline,Heathcote,tyrel@bergemann.name,1-763-991-2482,2016-11-22 00:58:40 -0600
Tiara,Armstrong,lacey@eichmann.info,503-421-3907,2016-11-21 22:07:58 -0600
Anthony,Rosenbaum,william_lynch@koelpin.com,(642) 551-9897 x47383,2016-11-21 18:56:41 -0600
Delphine,Hegmann,einar.kshlerin@huelsfunk.com,325-046-1599 x172,2016-11-21 14:34:58 -0600
Angelica,Macejkovic,carolanne@dietrichlowe.com,1-132-059-1303 x4471,2016-11-21 13:40:06 -0600
Katarina,Davis,lucienne@funk.biz,1-604-701-4151 x6233,2016-11-21 14:12:38 -0600
Everardo,Nikolaus,kian@kuphal.biz,(146) 174-5903,2016-11-21 14:53:43 -0600
Adrien,Auer,raphael@runtespinka.io,866.991.2661 x6261,2016-11-22 08:16:59 -0600
Reyes,Wisoky,donnell_gerhold@hauck.info,686.133.7987 x1999,2016-11-21 01:59:43 -0600
Amira,Okuneva,lily_ritchie@zulauf.name,166-172-3147 x14559,2016-11-21 11:08:39 -0600
Neoma,Nader,keith@larkinadams.io,840.715.3970,2016-11-21 18:17:22 -0600
Karlie,Zemlak,norwood_rosenbaum@kertzmann.io,364.527.8265 x953,2016-11-22 09:15:03 -0600
Orville,Ankunding,jamil.dickinson@stroman.biz,374-581-8587 x96609,2016-11-21 05:22:46 -0600
Jordyn,Cormier,dangelo.hintz@wilkinson.biz,632.020.2839,2016-11-21 03:10:37 -0600
Gerda,Swift,julia@morarrogahn.org,1-206-427-2309 x30765,2016-11-21 12:45:46 -0600
Augustine,Reynolds,leanne@simonis.name,1-903-405-6542,2016-11-22 16:18:19 -0600
Rex,Larkin,michel_thiel@nikolaus.name,(601) 742-6908 x084,2016-11-22 08:45:38 -0600
Lavonne,Hessel,wilford@trompwelch.org,(914) 564-9946,2016-11-21 01:47:09 -0600
Chloe,Osinski,alexandre.daugherty@ryan.io,105-312-6572,2016-11-21 04:49:41 -0600
Ismael,Jakubowski,judson.carter@beier.io,126.878.2822 x51892,2016-11-22 17:05:26 -0600
Blanche,Welch,eliseo_cormier@koch.io,742-126-0924 x04230,2016-11-21 21:09:48 -0600
Leopold,Moore,jordane@torpvonrueden.io,356-831-5258 x62489,2016-11-22 11:24:30 -0600
Elouise,Hegmann,rico.kemmer@grahamabshire.com,(795) 364-6977,2016-11-22 04:28:52 -0600
Demarcus,Labadie,meta@spinka.name,552-860-8411,2016-11-22 00:50:36 -0600
Deanna,Schroeder,garrick.ondricka@altenwerth.net,1-478-732-0633,2016-11-21 05:48:34 -0600
Jarrett,Shanahan,howard@vonrueden.biz,134-431-5183 x421,2016-11-22 19:46:56 -0600
Henri,Nicolas,yadira_sporer@murray.org,164-731-2846 x580,2016-11-21 19:54:59 -0600
Francis,Stroman,fay.turcotte@hagenes.io,839-757-3320 x6122,2016-11-22 18:08:06 -0600
Cedrick,Parisian,glen_okeefe@kutchlittel.co,669-514-5595 x4548,2016-11-21 18:06:00 -0600
Quinton,Jenkins,vladimir@osinski.net,355-407-6053 x714,2016-11-21 13:32:30 -0600
Hilbert,Witting,alan@erdman.org,1-829-247-4234 x90218,2016-11-22 19:10:01 -0600
Alphonso,Wilderman,adolph@baumbach.info,250-170-6155 x23603,2016-11-22 14:23:16 -0600
Maud,Bogisich,johnnie@skiles.com,(501) 677-4273,2016-11-21 05:06:37 -0600
Tatyana,Murphy,ansel_kuvalis@hoppeschroeder.io,159.420.1639,2016-11-22 10:44:43 -0600
Davin,Monahan,alicia.halvorson@gaylord.co,1-993-555-3749 x5323,2016-11-22 06:59:11 -0600
Tina,Wintheiser,maye@schiller.co,816.996.8507,2016-11-22 01:02:12 -0600
Norris,Nienow,melyna.christiansen@howellratke.io,(630) 401-2291,2016-11-22 03:35:54 -0600
Roosevelt,Wiza,lucie@kubpaucek.org,1-788-326-3611 x4090,2016-11-22 06:08:42 -0600
Frances,Cole,gayle_von@keeblerlittle.name,1-246-592-0652,2016-11-21 05:36:25 -0600
Enos,Jenkins,junior@klocko.info,1-472-379-9328,2016-11-22 22:56:43 -0600
Jermain,Windler,frida@hegmann.io,740.154.1439,2016-11-22 15:45:45 -0600
Mitchell,Gulgowski,paige@goyette.co,385.919.5411 x538,2016-11-21 23:46:47 -0600
Rosalinda,Lindgren,jee@brown.org,493.877.7694,2016-11-21 04:59:52 -0600
Pasquale,Zboncak,kaycee_mann@koepp.biz,656-072-1145 x64732,2016-11-22 20:59:41 -0600
Chaim,Schinner,samson.abshire@wilderman.net,(439) 896-9937,2016-11-21 08:34:35 -0600
Nils,Sawayn,jabari@rohan.name,671.995.8679 x75889,2016-11-21 21:32:38 -0600
Hugh,Hammes,davin.ondricka@glover.com,491.749.4762,2016-11-21 20:14:20 -0600
Orlo,Olson,crystel@dare.io,122.420.2274 x33609,2016-11-22 11:57:13 -0600
Ladarius,Ratke,alexa.funk@hackett.io,(943) 710-6999,2016-11-22 18:15:59 -0600
Ashton,Hartmann,isabella@kuphalreinger.biz,222-716-2610 x419,2016-11-22 01:13:28 -0600
Lula,Rowe,ahmad_crona@hudsonleffler.co,1-388-935-5781,2016-11-22 13:54:09 -0600
Roel,Effertz,mohammad_hermann@larkin.io,1-345-923-0879 x8769,2016-11-22 06:25:40 -0600
Addison,Jast,cecil_monahan@kunze.name,(946) 494-4787,2016-11-21 18:03:05 -0600
Benton,Mueller,evalyn@abernathy.name,1-296-944-8843 x42096,2016-11-22 10:09:44 -0600
Ed,McGlynn,bennie_balistreri@windlerluettgen.net,(735) 077-0740 x79841,2016-11-21 15:38:20 -0600
Art,Yost,ceasar@rogahnpfannerstill.name,821-723-8929 x308,2016-11-21 12:04:43 -0600
Coby,Rempel,claudine@reingermckenzie.biz,151-554-9213,2016-11-22 19:11:51 -0600
Morton,Veum,amber.kiehn@brakuskohler.com,(817) 242-9724,2016-11-21 20:33:20 -0600
Ervin,Fritsch,katelynn@rolfsonondricka.name,(345) 168-2463,2016-11-22 00:09:04 -0600
Cora,Kessler,dominic@lakinhaley.info,310.851.6888 x7438,2016-11-21 13:17:01 -0600
Summer,Beatty,naomie@west.co,120.920.6688 x232,2016-11-22 12:04:50 -0600
Bill,Schmeler,gianni@dooleyturcotte.org,(670) 656-1967 x1914,2016-11-21 17:50:26 -0600
Cole,Klocko,ernesto@rodriguez.biz,792.389.2665 x9650,2016-11-21 00:42:23 -0600
Kailyn,Rohan,marina@spinkaklein.biz,1-967-485-0656 x545,2016-11-22 17:47:19 -0600
Philip,McLaughlin,ellsworth@dibbert.net,1-838-457-4504,2016-11-21 15:57:13 -0600
Scottie,Parisian,elouise@gerlach.io,1-799-098-4970,2016-11-22 00:52:10 -0600
Sasha,Gibson,bethel_reinger@dooleybechtelar.co,935.165.5340,2016-11-22 23:06:50 -0600
Precious,Runolfsdottir,fabiola.bins@pacocha.info,(960) 026-6682 x026,2016-11-22 21:33:10 -0600
Javonte,O'Connell,angus.quigley@kuhlman.biz,1-501-249-5786 x3051,2016-11-22 06:21:13 -0600
Rickey,Hirthe,zion@hoeger.io,(402) 389-0092 x5428,2016-11-22 00:03:35 -0600
